entity,Image 1,Image 2,Image 3,Image 4,Image 5,Image 6,Image 7,Image 8,Listing URL
2024 Ford Bronco Raptor Certified Pre-Owned blue,https://platform.cstatic-images.com/xxlarge/in/v2/8d4d2d2d-987a-5cea-a61a-6724fe41f16b/178979ce-d483-4f26-92ee-30416ca40906/5jZg2a1U-WdisLxnQsgDMKDE3-c.jpg,https://platform.cstatic-images.com/xxlarge/in/v2/8d4d2d2d-987a-5cea-a61a-6724fe41f16b/178979ce-d483-4f26-92ee-30416ca40906/JSkLnXn_wueyyJbfaq5dwc8rq0w.jpg,https://platform.cstatic-images.com/xxlarge/in/v2/8d4d2d2d-987a-5cea-a61a-6724fe41f16b/178979ce-d483-4f26-92ee-30416ca40906/5HjJenUptR6KYcLxuJmqjtdM3fU.jpg,https://platform.cstatic-images.com/xxlarge/in/v2/8d4d2d2d-987a-5cea-a61a-6724fe41f16b/178979ce-d483-4f26-92ee-30416ca40906/RbBMQLKlguoLmFWLywxI-Gdpazs.jpg,https://platform.cstatic-images.com/xxlarge/in/v2/8d4d2d2d-987a-5cea-a61a-6724fe41f16b/178979ce-d483-4f26-92ee-30416ca40906/cqfGvbYPF-xDMx8FggvTcnWQLBA.jpg,https://platform.cstatic-images.com/xxlarge/in/v2/8d4d2d2d-987a-5cea-a61a-6724fe41f16b/178979ce-d483-4f26-92ee-30416ca40906/pzS4vxtQf_MRoPLGonjxkRH7shg.jpg,https://platform.cstatic-images.com/xxlarge/in/v2/8d4d2d2d-987a-5cea-a61a-6724fe41f16b/178979ce-d483-4f26-92ee-30416ca40906/ETJPLiJ8qlKqS0jn8QmAttrjjjM.jpg,https://platform.cstatic-images.com/xxlarge/in/v2/8d4d2d2d-987a-5cea-a61a-6724fe41f16b/178979ce-d483-4f26-92ee-30416ca40906/SVcitDf0FvRogAzhYHIboMpAExY.jpg,https://www.cars.com/vehicledetail/9fb0e5c6-598f-4de1-a1a4-1dd584d2bb8a/
2026 Jeep Wrangler Unlimited Sport S,https://platform.cstatic-images.com/xxlarge/in/v2/f94f35ef-7266-5966-86b8-45e467917089/cda7bbe5-997b-471e-9995-a4e2714c8100/ak-c4BYYx5L3TevTkZEU4PU79AA.jpg,https://platform.cstatic-images.com/xxlarge/in/v2/f94f35ef-7266-5966-86b8-45e467917089/cda7bbe5-997b-471e-9995-a4e2714c8100/R6VY1Wk-MO7DjHZHDtDbc0nRwMU.jpg,https://platform.cstatic-images.com/xxlarge/in/v2/f94f35ef-7266-5966-86b8-45e467917089/cda7bbe5-997b-471e-9995-a4e2714c8100/_QN9X_VVeLI1hGhR93WnVNM4lTw.jpg,https://platform.cstatic-images.com/xxlarge/in/v2/f94f35ef-7266-5966-86b8-45e467917089/cda7bbe5-997b-471e-9995-a4e2714c8100/olLO095eqyCmn2uHekZptZI-oWE.jpg,https://platform.cstatic-images.com/xxlarge/in/v2/f94f35ef-7266-5966-86b8-45e467917089/cda7bbe5-997b-471e-9995-a4e2714c8100/pH-pBzZiDAsH6ebdknAns_o6FQI.jpg,https://platform.cstatic-images.com/xxlarge/in/v2/f94f35ef-7266-5966-86b8-45e467917089/cda7bbe5-997b-471e-9995-a4e2714c8100/xRXXgi--P-nFMl5ZkP3JmwiO6B0.jpg,https://platform.cstatic-images.com/xxlarge/in/v2/f94f35ef-7266-5966-86b8-45e467917089/cda7bbe5-997b-471e-9995-a4e2714c8100/nfDA2ETBbm4HbbR5XXO9PzwdGKs.jpg,https://platform.cstatic-images.com/xxlarge/in/v2/f94f35ef-7266-5966-86b8-45e467917089/cda7bbe5-997b-471e-9995-a4e2714c8100/PMH-Ta3sDHC9GP8-ScLF5nxf4I0.jpg,https://www.cars.com/vehicledetail/5284db6a-3c44-4ae3-bb07-4b9575d0ad10/
2026 Toyota Land Cruiser 1958,https://platform.cstatic-images.com/xxlarge/in/v2/c4b34e12-2fb1-52b4-9839-b8ea0e81fd96/246ad7bd-e139-4c2f-b57b-22c1fac7e051/sDsFiiA-H4vGTZJNNLu5Hxcl5iY.jpg,https://platform.cstatic-images.com/xxlarge/in/v2/c4b34e12-2fb1-52b4-9839-b8ea0e81fd96/246ad7bd-e139-4c2f-b57b-22c1fac7e051/SHg2fWb8n6rRAbrakzXiJ0BJ9DI.jpg,https://platform.cstatic-images.com/xxlarge/in/v2/c4b34e12-2fb1-52b4-9839-b8ea0e81fd96/246ad7bd-e139-4c2f-b57b-22c1fac7e051/EcFBVIg0KnxhcX3ZLH2KwD7WDPo.jpg,https://platform.cstatic-images.com/xxlarge/in/v2/c4b34e12-2fb1-52b4-9839-b8ea0e81fd96/246ad7bd-e139-4c2f-b57b-22c1fac7e051/5S-hxEdaX5MnD4LXySYJm7ajzeo.jpg,https://platform.cstatic-images.com/xxlarge/in/v2/c4b34e12-2fb1-52b4-9839-b8ea0e81fd96/246ad7bd-e139-4c2f-b57b-22c1fac7e051/uAmmyC_gIE2J8L0UtrZFqcCxNgY.jpg,https://platform.cstatic-images.com/xxlarge/in/v2/c4b34e12-2fb1-52b4-9839-b8ea0e81fd96/246ad7bd-e139-4c2f-b57b-22c1fac7e051/KuQhznxGbUg1yJNKPpy34XF4UoQ.jpg,https://platform.cstatic-images.com/xxlarge/in/v2/c4b34e12-2fb1-52b4-9839-b8ea0e81fd96/246ad7bd-e139-4c2f-b57b-22c1fac7e051/qu6eXUzlg0p1z8-x5sQCvmB9RH0.jpg,https://platform.cstatic-images.com/xxlarge/in/v2/c4b34e12-2fb1-52b4-9839-b8ea0e81fd96/246ad7bd-e139-4c2f-b57b-22c1fac7e051/7Q9dnQQZVVCdkl_G-mVpCg4qmmw.jpg,https://www.cars.com/vehicledetail/f4882190-527a-4408-95a8-de3d0ffae536/
2024 Jeep Wrangler Rubicon 4 door Certified Pre-Owned,https://platform.cstatic-images.com/xxlarge/in/v2/f9c5af7e-a154-56ca-83e8-7497aab269cb/caebd6c6-3888-4bd6-b6c6-739f0eca8a90/VzqNgL6XwwmRwRc3L2BSBDb5B_s.jpg,https://platform.cstatic-images.com/xxlarge/in/v2/f9c5af7e-a154-56ca-83e8-7497aab269cb/caebd6c6-3888-4bd6-b6c6-739f0eca8a90/L4qrOIP2odlxND4h0GKmcChv_qA.jpg,https://platform.cstatic-images.com/xxlarge/in/v2/f9c5af7e-a154-56ca-83e8-7497aab269cb/caebd6c6-3888-4bd6-b6c6-739f0eca8a90/5SCygk4jAZ62knA6D5tl1kilwg8.jpg,https://platform.cstatic-images.com/xxlarge/in/v2/f9c5af7e-a154-56ca-83e8-7497aab269cb/caebd6c6-3888-4bd6-b6c6-739f0eca8a90/tki3d6qu-xzODM-w9k92k8rTfWk.jpg,https://platform.cstatic-images.com/xxlarge/in/v2/f9c5af7e-a154-56ca-83e8-7497aab269cb/caebd6c6-3888-4bd6-b6c6-739f0eca8a90/fAjKh3o1KMACX0pdUHrEexg3geU.jpg,https://platform.cstatic-images.com/xxlarge/in/v2/f9c5af7e-a154-56ca-83e8-7497aab269cb/caebd6c6-3888-4bd6-b6c6-739f0eca8a90/2hbWH8HF3tRzUl7ltqWCPLkRTLw.jpg,https://platform.cstatic-images.com/xxlarge/in/v2/f9c5af7e-a154-56ca-83e8-7497aab269cb/caebd6c6-3888-4bd6-b6c6-739f0eca8a90/rXGMr0LlKapVg9HfBMy6gL6dyLE.jpg,https://platform.cstatic-images.com/xxlarge/in/v2/f9c5af7e-a154-56ca-83e8-7497aab269cb/caebd6c6-3888-4bd6-b6c6-739f0eca8a90/usGJWeyeSdh-7UOtGpXNk8X-KOA.jpg,https://www.cars.com/vehicledetail/f50a5ea6-0418-4c2f-80bd-25abf4377d83/
2026 GMC Yukon Denali 6.2,https://platform.cstatic-images.com/xxlarge/in/v2/3756a4ae-31ee-4687-bc89-d0ffbe9e0b62/a57e92f5-da74-4ded-b723-525e291c8dbe/JWvycCfHtf9qb1FE_djNjz-QXPs.jpg,https://platform.cstatic-images.com/xxlarge/in/v2/3756a4ae-31ee-4687-bc89-d0ffbe9e0b62/a57e92f5-da74-4ded-b723-525e291c8dbe/FX5_lA7ZiEe1q6QsnJo01O9Jnus.jpg,https://platform.cstatic-images.com/xxlarge/in/v2/3756a4ae-31ee-4687-bc89-d0ffbe9e0b62/a57e92f5-da74-4ded-b723-525e291c8dbe/uhD4huwhwsh-TV0UCBAgbGsDn1w.jpg,https://platform.cstatic-images.com/xxlarge/in/v2/3756a4ae-31ee-4687-bc89-d0ffbe9e0b62/a57e92f5-da74-4ded-b723-525e291c8dbe/E2Fe4HK0zVD_Lakh1ZjKGkMR0vw.jpg,https://platform.cstatic-images.com/xxlarge/in/v2/3756a4ae-31ee-4687-bc89-d0ffbe9e0b62/a57e92f5-da74-4ded-b723-525e291c8dbe/Sb7NOeLqpMLfGQZ2IKbbn1eEx_s.jpg,https://platform.cstatic-images.com/xxlarge/in/v2/3756a4ae-31ee-4687-bc89-d0ffbe9e0b62/a57e92f5-da74-4ded-b723-525e291c8dbe/otKPEXP-VsmgUix-8-Ns8NxCWNI.jpg,https://platform.cstatic-images.com/xxlarge/in/v2/3756a4ae-31ee-4687-bc89-d0ffbe9e0b62/a57e92f5-da74-4ded-b723-525e291c8dbe/PWegtVvZBa01XsYYIA-X2oyO_7I.jpg,https://platform.cstatic-images.com/xxlarge/in/v2/3756a4ae-31ee-4687-bc89-d0ffbe9e0b62/a57e92f5-da74-4ded-b723-525e291c8dbe/NW6ZEUlZqtZOVPsECIfJnZ3JNlw.jpg,https://www.cars.com/vehicledetail/4af939ee-2ad6-4fe2-a616-69a7a7af37f4/
2026 Cadillac Escalade Sport V8,https://platform.cstatic-images.com/xxlarge/in/v2/269e819a-57db-503a-9214-a2c9efb86e27/8c0a6590-16e9-421b-a232-5fee92426a2f/1AuanSgUQsjs7q-PSl3Bo7U3qKg.jpg,https://platform.cstatic-images.com/xxlarge/in/v2/269e819a-57db-503a-9214-a2c9efb86e27/8c0a6590-16e9-421b-a232-5fee92426a2f/1kWEe4kSwY4ck0S8qMTGFBCq-lQ.jpg,https://platform.cstatic-images.com/xxlarge/in/v2/269e819a-57db-503a-9214-a2c9efb86e27/8c0a6590-16e9-421b-a232-5fee92426a2f/JyWUIDjAIJBbcoN6NC7DA4NMtg8.jpg,https://platform.cstatic-images.com/xxlarge/in/v2/269e819a-57db-503a-9214-a2c9efb86e27/8c0a6590-16e9-421b-a232-5fee92426a2f/nG0-3L2CSGcno2ZF-z-MegAert8.jpg,https://platform.cstatic-images.com/xxlarge/in/v2/269e819a-57db-503a-9214-a2c9efb86e27/8c0a6590-16e9-421b-a232-5fee92426a2f/afzrSechtQAMGY6bCKhl-tv5WSc.jpg,https://platform.cstatic-images.com/xxlarge/in/v2/269e819a-57db-503a-9214-a2c9efb86e27/8c0a6590-16e9-421b-a232-5fee92426a2f/hj5XZeRObMUSLls8a2R8ngwIMfo.jpg,https://platform.cstatic-images.com/xxlarge/in/v2/269e819a-57db-503a-9214-a2c9efb86e27/8c0a6590-16e9-421b-a232-5fee92426a2f/MKspTiuC0uXL6qlOtV33_tdQjiI.jpg,https://platform.cstatic-images.com/xxlarge/in/v2/269e819a-57db-503a-9214-a2c9efb86e27/8c0a6590-16e9-421b-a232-5fee92426a2f/6ACjrBo0Wcg4OMsqBY6KGvmunhs.jpg,https://www.cars.com/vehicledetail/8bbf0d2e-f32e-4da9-a08f-68c9b01d2139/
2026 BMW 228i Gran Coupe xDrive,https://platform.cstatic-images.com/xxlarge/in/v2/d1d8bfd9-a1ed-43fa-aa2e-ef2c15d33dab/91333cf3-f3f6-46fb-adaa-8119f8279b4f/c373cfazRtx9D71hNqpUonUHqyE.jpg,https://platform.cstatic-images.com/xxlarge/in/v2/d1d8bfd9-a1ed-43fa-aa2e-ef2c15d33dab/91333cf3-f3f6-46fb-adaa-8119f8279b4f/WOJNcd2cVXzhmvTnZfuNxtTnr_4.jpg,https://platform.cstatic-images.com/xxlarge/in/v2/d1d8bfd9-a1ed-43fa-aa2e-ef2c15d33dab/91333cf3-f3f6-46fb-adaa-8119f8279b4f/skqHzkoGjnpixzCyHZQQl6f9c5k.jpg,https://platform.cstatic-images.com/xxlarge/in/v2/d1d8bfd9-a1ed-43fa-aa2e-ef2c15d33dab/91333cf3-f3f6-46fb-adaa-8119f8279b4f/rOpwf_xXztvZyJSjeEeXTmncsxE.jpg,https://platform.cstatic-images.com/xxlarge/in/v2/d1d8bfd9-a1ed-43fa-aa2e-ef2c15d33dab/91333cf3-f3f6-46fb-adaa-8119f8279b4f/c6OXUuzWyIZq5A51kAuBYs-Z6EY.jpg,https://platform.cstatic-images.com/xxlarge/in/v2/d1d8bfd9-a1ed-43fa-aa2e-ef2c15d33dab/91333cf3-f3f6-46fb-adaa-8119f8279b4f/Pf5cgE-odsLlz8U33VMn8Xfanmw.jpg,https://platform.cstatic-images.com/xxlarge/in/v2/d1d8bfd9-a1ed-43fa-aa2e-ef2c15d33dab/91333cf3-f3f6-46fb-adaa-8119f8279b4f/nuYuqphb1C8mRGAxkKgMD1rF13w.jpg,https://platform.cstatic-images.com/xxlarge/in/v2/d1d8bfd9-a1ed-43fa-aa2e-ef2c15d33dab/91333cf3-f3f6-46fb-adaa-8119f8279b4f/s4UHhzcrmVFb0vleRbrxiXdhghk.jpg,https://www.cars.com/vehicledetail/8eeb712a-987a-43d3-a3ee-6caafa471ef8/
2026 Ford Mustang EcoBoost Convertible Premium light blue,https://platform.cstatic-images.com/xxlarge/in/v2/5502060d-eef2-4b18-8f86-13a8296157c6/398b017d-8570-4d4e-8030-6121113fc77f/WS5M9APsYPBTCAsVipw7TFDyaZQ.jpg,https://platform.cstatic-images.com/xxlarge/in/v2/5502060d-eef2-4b18-8f86-13a8296157c6/398b017d-8570-4d4e-8030-6121113fc77f/XyqMuPr0N539usBjbMr63sy2WdE.jpg,https://platform.cstatic-images.com/xxlarge/in/v2/5502060d-eef2-4b18-8f86-13a8296157c6/398b017d-8570-4d4e-8030-6121113fc77f/EF8bmGRwEAFz0oee9ZGi0EftXUA.jpg,https://platform.cstatic-images.com/xxlarge/in/v2/5502060d-eef2-4b18-8f86-13a8296157c6/398b017d-8570-4d4e-8030-6121113fc77f/yc2I5ouaJWEz9ePHZDYxjyCpg7g.jpg,https://platform.cstatic-images.com/xxlarge/in/v2/5502060d-eef2-4b18-8f86-13a8296157c6/398b017d-8570-4d4e-8030-6121113fc77f/XkMPNj_cND-lue_158YxNcXZukg.jpg,https://platform.cstatic-images.com/xxlarge/in/v2/5502060d-eef2-4b18-8f86-13a8296157c6/398b017d-8570-4d4e-8030-6121113fc77f/rarfMkqCKNBbR4R3hWw2R_AgbjA.jpg,https://platform.cstatic-images.com/xxlarge/in/v2/5502060d-eef2-4b18-8f86-13a8296157c6/398b017d-8570-4d4e-8030-6121113fc77f/G9tgA2CZFE_xar5Umflg92Al9SE.jpg,https://platform.cstatic-images.com/xxlarge/in/v2/5502060d-eef2-4b18-8f86-13a8296157c6/398b017d-8570-4d4e-8030-6121113fc77f/k7k_go4VevmQQyBSFIYKHEu5NxE.jpg,https://www.cars.com/vehicledetail/cce1cf84-32fd-4fe4-8c70-1f52a2b9de6f/
2026 MINI Cooper S 4 door pink,https://platform.cstatic-images.com/xxlarge/in/v2/41119354-f130-5d34-928e-fb3a0ebf933c/05f29fa2-73a6-4eb3-9ca5-60c727b8c5f6/nNCVDoB5P9TBzxP9rZzdVfYWr0k.jpg,https://platform.cstatic-images.com/xxlarge/in/v2/41119354-f130-5d34-928e-fb3a0ebf933c/05f29fa2-73a6-4eb3-9ca5-60c727b8c5f6/KNaORy2UebSC8N7orvn7yQ_fM0w.jpg,https://platform.cstatic-images.com/xxlarge/in/v2/41119354-f130-5d34-928e-fb3a0ebf933c/05f29fa2-73a6-4eb3-9ca5-60c727b8c5f6/OFBlLuQZjF_4t3hDHu46IYELabM.jpg,https://platform.cstatic-images.com/xxlarge/in/v2/41119354-f130-5d34-928e-fb3a0ebf933c/05f29fa2-73a6-4eb3-9ca5-60c727b8c5f6/V-IjcL2PN3Vrztf7pwE0M9ksvGw.jpg,https://platform.cstatic-images.com/xxlarge/in/v2/41119354-f130-5d34-928e-fb3a0ebf933c/05f29fa2-73a6-4eb3-9ca5-60c727b8c5f6/-7zI4vO1_f-dSKgnyO4cy4Cdvso.jpg,https://platform.cstatic-images.com/xxlarge/in/v2/41119354-f130-5d34-928e-fb3a0ebf933c/05f29fa2-73a6-4eb3-9ca5-60c727b8c5f6/72CBNvlUz0Lczm8Bd2SkmVlF6mI.jpg,https://platform.cstatic-images.com/xxlarge/in/v2/41119354-f130-5d34-928e-fb3a0ebf933c/05f29fa2-73a6-4eb3-9ca5-60c727b8c5f6/i8G2kI33aYWoOM5wnLBoepBsnc0.jpg,https://platform.cstatic-images.com/xxlarge/in/v2/41119354-f130-5d34-928e-fb3a0ebf933c/05f29fa2-73a6-4eb3-9ca5-60c727b8c5f6/LJeNo1pS50a-PxGlFKaV77b-xSc.jpg,https://www.cars.com/vehicledetail/d02469d4-3f2e-4b6d-8d03-c973aef4026e/?attribution_type=isa
